LabID,📚 Projects (collecting data),🏫 Institution,🌍 Country,Lab Name,PI(s),Additional Members,Lab website,Areas of study,Methods
addisababa,MB1-Africa,Addis Ababa University,Ethiopia,,Mulat Asnake Goshu,,,,
affcogUTSC,"MB2,MB-AtHome,MB5",University of Toronto Scarborough,Canada,Affective Cognition Lab,Yang Wu,"Tiffany Doan,Kelly Ma",https://www.yangwulab.com/,,
agakhan,MB1-Africa,Aga Khan University Institute for Human Development,Kenya,,Amina Abubakar,,,,
babellabVienna,"MB3,MB3-NIRS,MB5",University of Vienna,Austria,Psycholinguistisches Labor Babelfisch,Jutta L. Mueller,"Tiziana Srdoc,TIbor Tauzin,Ivonne Weyers,Priscila Borba Borges",https://psy-ling.univie.ac.at/en/,"Language,Brain development,Cognitive development","EEG,Eye-tracking (monitor),fNIRS,Headturn preference,Manual search,""Reaching (e.g., choice task)"""
babydevlabKCU,MB5,Kansas City University,United States,KCU Baby Development Lab,Nicole Zieber,,kcubabydevlab.com,"Face perception,Attention,Social development,Emotion,Body Knowledge","Eye-tracking (monitor),Online studies,Parent surveys,Preferential looking"
babylabAmsterdam,"MB2,MB3,MB3P,MB4,MB4I,MB5",University of Amsterdam,Netherlands,Baby Lab,Ingmar Visser,"Janina Baumer,Mona M. Klau,Rebekka Cebulla,Luiza S.B. Yuan,Martina S. Zaharieva,Magda Matetovici",https://babylabamsterdam.nl/en/,"Attention,Cognitive development,Individual differences","Eye-tracking (monitor),Headturn preference"
babylabBrookes,"MB1,MB1B,MB1G,MB1L,MB5",Oxford Brookes University,United Kingdom,Oxford Brookes Babylab,Nayeli Gonzalez-Gomez,Shannon P. Kong,https://babylab.brookes.ac.uk/,Language,"Central looking time,Eye-tracking (monitor),Headturn preference,Preferential looking,""Reaching (e.g., choice task)"""
babylabChicago,MB2,University of Chicago,United States,Infant Learning and Development Laboratory,Amanda L. Woodward,Alexander Mackiel,https://voices.uchicago.edu/woodwardlab/,,
babylabINCC,"MB2,MB5","Université Paris Cité,CNRS",France,Integrative Neuroscience and Cognition Center,"Olivier Mascaro ,Laurianne Cabrera",Cyann Bernard,https://babylab.incc-paris.fr/en/,,
babylabKingswood,MB1,Western Sydney University,Australia,"Babylab Kingswood, MARCS Babylab",Liquan Liu,,https://www.westernsydney.edu.au/babylab/about,,
babylabKonstanz,MB1,University of Konstanz,Germany,BabySpechLab,Bettina Braun,,https://www.ling.uni-konstanz.de/en/bsl/,,
babylablangEssex,MB1,University of Essex,United Kingdom,,Claire Delle Luche,,https://www.essex.ac.uk/departments/psychology/facilities/centre-for-brain-science/babylab,,
babylabLeiden,"MB1,MB3,MB5",Leiden University,Netherlands,Leiden University Centre for Linguistics (LUCL),Claartje Levelt,Andreea Geambașu,https://www.universiteitleiden.nl/en/research/research-facilities/humanities/babylab#tab-1,"Brain development,Language,Social cognition","Central looking time,Eye-tracking (mobile),fNIRS,Headturn preference,Preferential looking,Live interaction"
babylabLMU,"MB1,MB1L,MB4,MB5",Ludwig-Maximilians-Universität München,Germany,Kinderstudien,Markus Paulus,"Carolina Pletti,Nina-Alisa Kollakowski,Natalie Christner,Sofiya Karnovska",https://www.socialdevlab.org/en/team/prof-dr-markus-paulus/,,
BabyLabMackenzie,"MB3,MB3-NIRS",Mackenzie Presbyerian University,Brazil,Mackenzie Center for Research in Childhood and Adolescence,Ana Osório,,,,
babylabMcMaster,MB5,McMaster University,Canada,McMaster Baby Lab,Gabriel (Naiqi) Xiao,,https://babylab.mcmaster.ca/,,
babylabMPIB,"MB2,MB4",Max Planck Institute for Human Development,Germany,MPIB BabyLab,Annie E. Wertz,Karola Schlegelmilch,https://www.mpib-berlin.mpg.de/institute/laboratories/babylab,,
babylabMrs,MB5,Aix-Marseille Université,France,Le Labo des Minots,Isabelle Dautriche,,https://labodesminots.univ-amu.fr/,,
babylabniagara,MB5,Niagara University,United States,NU Infant Learning Lab,Donna Fisher-Thompson,,http://www.NUbabylab.net/,,
babylabNijmegen,"MB1,MB1L,MB2",Radboud University,Netherlands,Baby and Child Research Center,"Paula Fikkert,Sabine Hunnius","Laura E. Hahn,Marlene Meyer",https://babyandchild.nl/en/,,
BabylabOsaka,"MB4,MB-AtHome,MB5,MB5N",Osaka University,Japan,Developmental Cognitive Science Lab,"Yasuhiro Kanakogi,Hiromichi Hagihara",,https://babylab.hus.osaka-u.ac.jp/en,"Social learning,Cognitive development,Social cognition","Eye-tracking (monitor),""Reaching (e.g., choice task)"",Preferential looking,Free-play interactions,""Physio (e.g., heart rate, pulse ox)"""
babylabOxford,MB2,University of Oxford,United Kingdom,BabyLab+ Oxford,Robert Hepach,"Andreea A. Nistor,Dominic Szarka",https://www.psy.ox.ac.uk/research/oxford-babylab,,
babylabParisDescartes1,MB1,Université Paris Cité,France,BabyLab LPP (?),Thierry Nazzi,,,,
babylabPlymouth,"MB1,MB5",University of Plymouth,United Kingdom,Plymouth Babylab,"Caroline Floccia,Rana Abu-Zhaya",,https://www.psy.plymouth.ac.uk/babylab/,,
babylabPotsdam,"MB1,MB1L,MB1T,MB3",University of Potsdam,Germany,BabyLAB Potsdam,Barbara Höhle,,https://www.uni-potsdam.de/en/babylab/index,,
babylabPrinceton,"MB1,MB1B,MB1G,MB1L,MB3,MB3-NIRS,MB4,MB5,MB5T",Princeton University,United States,Princeton Baby Lab,Casey Lew-Williams,Steven L. Elmlinger,https://babylab.princeton.edu/,Language,"Eye-tracking (monitor),Central looking time,Preferential looking"
babylabReading,"MB1,MB5",University of Reading,United Kingdom,,Carmel Houston-Price,,,,
babylabShimane,MB1,Shimane University,Japan,,Ayumi Sato,,,,
babylabSunway,"MB5,MB5N,MB7,MB8",Sunway University,Malaysia,Sunway Baby Lab,Woo Pei Jun,Chai Jun Ho,https://sunwayuniversity.edu.my/school-of-medical-life-sciences/facilities/sunway-baby-lab,"Face perception,Bilingualism,Parent-child interaction","Eye-tracking (monitor),Free-play interactions,Cross-cultural,Naturalistic observation,Parent surveys,Preferential looking"
babylabTrento,"MB2,MB3,MB4,MB-ManyWebcams,MB5",University of Trento,Italy,"Baby Lab, University of Trento",Laura Franchin,,,,
babylabUCLAjohnson,MB1,"""University of California, Los Angeles""",United States,UCLA Baby Lab,Scott P. Johnson,Shannon M. Brady,https://www.babylab.ucla.edu/,,
babylabULB,"MB3,MB4,MB5",Université Libre de Bruxelles,Belgium,ULBabylab,Julie Bertels,"Chiara Capparini,Lauréline Fourdin",https://crcn.ulb.ac.be/lab/ulbabylab/,,
babylabUmassb,"MB1,MB5,MB5N",University of Massachusetts Boston,United States,UMass Boston Baby Lab,Zsuzsa Kaldy,"Mohinish Shukla,Que Anh (Quinn) Pham",https://umassbostonbabylab.weebly.com/,"Attention,Memory,Cognitive development,Brain development,Individual differences","EEG,Eye-tracking (monitor),Eye-tracking (mobile),Naturalistic observation,Parent surveys,""Physio (e.g., heart rate, pulse ox)"""
babylabUtrecht,"MB1,MB1N",Utrecht University,Netherlands,Utrecht University,Caroline Junge,,,,
babylabUVA,"MB4,MB5,MB5N",University of Virginia,United States,UVABaby Lab,Tobias Grossmann,"Yuhang Shu,Olivia Allison,Halle Miller",https://uvababylab.org/,"Social cognition,Attention,Emotion,Brain development,Individual differences","EEG,Eye-tracking (monitor),fNIRS,Preferential looking,Live interaction,Parent surveys,Free-play interactions,Eye-tracking (mobile)"
babylabVUW,"MB1,MB1L,MB4,MB5",Victoria University of Wellington,New Zealand,Victoria University Infant and Child Cognition Lab,"Alia Martin,Frankie Fong","Petra Bolitho,Michaela Dresel",https://vuwbabylab.com/,"Social learning,Imitation",
babylabYork,MB1,University of York,United Kingdom,York BabyLab,Tamar Keren-Portnoy,,https://www.york.ac.uk/language/research/projects/babylab/,,
babylabZSTU,"MB5,MB5N,MB7",Zhejiang Sci-tech University,China,ZSTU Baby Lab,"Yan Linlin,Liu Shaoying",,,Face perception,"Cross-cultural,Preferential looking,Eye-tracking (mobile)"
babyLeidenEdu,"MB2,MB5",Leiden University,Netherlands,Leiden Babylab Education and Child Studies,Szilvia Biro,,https://www.universiteitleiden.nl/en/babylab-leiden,"Social cognition,Attention,Brain development,Individual differences","Central looking time,EEG,fNIRS,Eye-tracking (monitor),Preferential looking,Naturalistic observation"
babylingOslo,"MB1,MB1L,MB1N,MB1T,MB3,MB5,MB-ManyWebcams",University of Oslo,Norway,"Baby Lab UiO, BabyLing, MultiLing",Julien Mayor,"Natalia Kartushina,Tone K. Hermansen",https://www.sv.uio.no/psi/english/research/projects/babyling/,Language,Eye-tracking (monitor)
BabyLyon,"MB3,MB5","CNRS,Université Claude Bernard Lyon 1",France,BabyLyon at Institut des Sciences Cognitives Marc Jeannerod,"Jean-Remy Hochmann,Liuba Papeo",Céline Spriet,https://babylablyon.fr/,,
babyTohoku,MB5,Tohoku University,Japan,Tohoku Baby Scientist Program,Chia-huei Tseng,,,,
BabyTuebingen,MB3,University of Tübingen,Germany,Babylab at Uni Tübingen,Claudia Friedrich,,https://uni-tuebingen.de/en/fakultaeten/mathematisch-naturwissenschaftliche-fakultaet/fachbereiche/psychologie/arbeitsbereiche/entwicklungspsychologie/arbeitsbereich/baby-kinderlab-uni-tuebingen/,,
babyuniHeidelberg,MB2,Heidelberg University,Germany,BabyUni Heidelberg,Sabina Pauen,"Stefanie Peykarjou,Milena Marx",,,
baldwinlabUOregon,MB1,University of Oregon,United States,Acquiring Minds Lab,Dare Baldwin,,https://baldwinlab.uoregon.edu/,,
barcababy,MB5,Universitat de Barcelona,Spain,,"Antoni Rodriguez-Fornells,Joan Birules",,,,
BathBabylab,MB2,Bath University,United Kingdom,Bath Babylab,Rachael Bedford,,https://www.bath.ac.uk/research-groups/bath-babylab/,,
BCBLbabylab,"MB3-NIRS,MB5","""Basque Center on Cognition, Brain and Language""",Spain,BCBL BabyLab,Marina Kalashnikova,,,"Attention,Brain development,Language","Central looking time,EEG,Eye-tracking (monitor),fNIRS,Free-play interactions,Parent surveys,Preferential looking"
BCHcogneuro,MB5,Boston Children's Hospital,United States,,Kali Woodruff Carr,,,,
bchdOSU,MB1,The Ohio State University,United States,BabyTalk Research,Derek M. Houston,Yuanyuan Wang,https://medicine.osu.edu/departments/otolaryngology/research/buckeye-center/babytalk,,
bcrlUNLV,"MB1,MB1L,MB5","""University of Nevada, Las Vegas""",United States,Baby and Child Rebel Lab,Jennifer L. Rennels,,https://unlvchildlab.wixsite.com/bcrl,,
BEELabTMU,MB5,Toronto Metropolitan University,Canada,Brain and Early Experiences Lab,Margaret C. Moulson,,https://psychlabs.torontomu.ca/beelab/,"Brain development,Emotion,Face perception","EEG,Eye-tracking (monitor),Preferential looking"
beinghumanWroclaw,"MB2,MB3,MB4,MB5,MB5N",University of Wrocław,Poland,IDN Being Human,"Michal Misiak,Piotr Sorokowski,Marta Kowal","Arkadiusz Urbanek,Grzegorz Jankiewicz,Karolina Kluza,Wiktoria Jędryczka",,,
BelgradeDevPsychLab,MB5,University of Belgrade,Serbia,Laboratory for Developmental Psychology,Ksenija Krstic,,,,
BelgradeNeuroCogLab,"MB2,MB3",University of Belgrade,Serbia,Laboratory for Neurocognition and Applied Cognition,Vanja Kovic,Anđela Šoškić,https://lnpk.f.bg.ac.rs/,,
BELL,MB5,"""University of California, Berkeley""",United States,Berkeley Early Learning Lab,Fei Xu,Cristina Sarmiento,https://babylab.berkeley.edu/,"Social cognition,Cognitive development,Language,Numerical cognition,Reasoning,Social learning","Central looking time,Online studies,Preferential looking,Live interaction"
BiccBabyLab,"MB1,MB3,MB4,MB5",Università degli Studi di Milano-Bicocca,Italy,Bicocca Child & Babylab,Viola Macchi Cassia,"Valentina Silvestri,Michelle Giraud,Roberta Bettoni,Stefania Conte,Hermann Bulf",https://bicoccababylab.wixsite.com/mindevlab/en/what-we-do,,
bllumanitoba,"MB1,MB1B,MB1L,MB1N,MB3,MB4,MB5,MB5N",University of Manitoba,Canada,Baby Language Lab,Melanie Soderstrom,"Kelsey Klassen,Isabelle M. Hadley,Sana Fekrazad",https://babylanguagelab.org/,,
bounBCL,"MB1,MB1N",Bogazici University,Turkey,Baby and Child Development Lab,Gaye Soley,,https://bcl.boun.edu.tr/en,,
brainrudn,MB5,RUDN University,Russia,Brain develompent and peak performance,Alena Deviaterikova,Sofia Anatolyevna Mironets,,"Attention,Brain development,Cognitive development,Cognitive Neuroscience,Conceptual development,Developmental disorders,Memory,Motor development,Social development,Social learning,Visual perception","EEG,Eye-tracking (monitor),Psychometrics,Parent surveys,Online studies"
BTCDlab,MB5,Indepedent (Pakistan),Pakistan,Baby Talk Child Development Lab,Lauren R. Franklin,,,,
BUdeafcenter,"MB5,MB5N",Boston University,United States,Boston University Deaf Center,Erin Campbell,,,"Bilingualism,Hearing loss,Language,Multi-modal attention,Visual perception","Eye-tracking (mobile),Eye-tracking (monitor),Free-play interactions,Head cam,Naturalistic observation,Parent surveys,Online studies"
busara,MB1-Africa,Busara Center for Behavioral Economics,Kenya,,Chaning Jang,,https://busara.global/,,
callab,MB1,University of Chicago,United States,Communication and Learning Lab,Daniel Yurovsky,,https://callab.uchicago.edu/,,
CamBabyLab,MB2,University of Cambridge,United Kingdom,Cambridge Babylab,"Mark Johnson,Sarah Lloyd Fox","Addison Billing,Borja Blanco",https://www.psychol.cam.ac.uk/babylab,,
careylabHarvard,MB2,Harvard University,United States,CareyLab,Susan Carey,"Irene Canudas Grabolosa,Michael Huemer",https://www.harvardlds.org/our-labs/carey-lab/,,
cbplabUMN,"MB4,MB5",University of Minnesota,United States,Child Brain and Perception Lab,Charisse B. Pickron,Emmy Higgs Matzner,https://innovation.umn.edu/child-brain-perception-lab/,,
cclruottawa,"MB3,MB5",University of Ottawa,Canada,Centre for Child Language Research,Tania S. Zamuner,"Scarlet Wan Yee Li,Suzy Ahn",https://taniazamuner.weebly.com/,,
cclUNIRI,MB2,University of Rijeka,Croatia,Comparative Cognition Lab,"Edward W. Legg,Ljerka Ostojifá",Petra Šarić,,,
cdc-ceu,"MB1,MB1B,MB1G",Central European University,Hungary,Cognitive Development Center,,Mikołaj Hernik,https://cdc.ceu.edu/,,
cdcceu,MB3,Central European University,Hungary,Cognitive Development Center (CDC) - CEU Babylab,Ágnes Melinda Ková­cs,Maja Blesić,https://cdc.ceu.edu/,,
cddecUMB,MB5,University of Massachusetts Boston,United States,Center on Deaf & Disability in Early Childhood ,Amy Szarkowski,,,,
cecBYU,MB2,Brigham Young University,United States,Center for Emotion and Cognition,Peter J. Reschke,,cec.byu.edu,,
cfnUofN,MB1,"""University of Newcastle, Australia""",Australia,FINDLab (?),Linda E. Campbell,Alix Woolard,,,
cheikhAntaDiop,MB1-Africa,Cheikh Anta Diop University,Senegal,,"Barry Oumar,Yatma Diop",,,,
childdevlabAshoka,"MB5,MB5N",Krea University,India,Child Development Lab,Madhavilatha Maganti,"Paridhi Verma,Arti Maria,Naveen Bhatraju",,"Attention,Parent-infant synchrony,Cognitive development,Language,Bilingualism,Multi-modal attention,Embodied cognition","Eye-tracking (monitor),Naturalistic observation,Free-play interactions,Preferential looking"
childlabManchester,"MB1,MB5",University of Manchester,United Kingdom,Child Study Centre,Anna Theakston,"Alissa Ferry,Iain Jackson",https://sites.manchester.ac.uk/child-study-centre/,"Language,Numerical cognition,Autism","EEG,Eye-tracking (monitor),Eye-tracking (mobile),Central looking time"
childlabUSC,MB5,University of Southern California,,Child Learning & Development (CHILD) Lab,,,https://dornsife.usc.edu/childlab/,"Language,Cognitive development,Conceptual development","Eye-tracking (monitor),Eye-tracking (mobile),Online studies"
childstudiesUCSB,MB4,"""University of California, Santa Barbara""",United States,Child Studies Lab,Zoe Liberman,Bailey Immel,https://liberman.psych.ucsb.edu/,,
chosunbaby,"MB1,MB1L,MB-ManyWebcams,MB5",Chosun University,South Korea,Chosun Child Language Lab,Eon-Suk Ko,"Seongmin Mun,Rajalakshmi Madhavan",https://www.chosunbabylab.com/,Language,"Eye-tracking (monitor),Headturn preference,Online studies,LENA"
cipualLisbon,MB5,Universidade Autónoma de Lisboa,Portugal,CIP-UAL - Psychology Research Centre,Mónica Taveira Pires,,https://cip.autonoma.pt/en_gb/,"Social cognition,Social development,Mental health","Eye-tracking (mobile),Preferential looking"
cldUSC,MB5,University of Southern California,United States,,Sandy LaTourrette,"Idella Smolyar,Sonia Singh",https://dornsife.usc.edu/childlab/,"Language,Cognitive development,Conceptual development","Eye-tracking (monitor),Eye-tracking (mobile),Online studies"
cloudlabUSC,MB5,University of South Carolina,United States,Child Language Outcomes and Disorders Lab,Erin Smolak,,https://erinsmolak.wixsite.com/cloudlab,"Attention,Developmental disorders,Individual differences,Language","Eye-tracking (monitor),Free-play interactions,Parent surveys"
cogcienmatUnivalle,MB4,Universidad del Valle,Colombia,Cognición Científica y Matemática,Yenny Otálora,,,,
CogConcordia,MB2,Concordia University,Canada,Cognitive and Language Development Laboratory,Diane Poulin-Dubois,Anna-Elisabeth Baumann,https://www.concordia.ca/artsci/psychology/research/cognitive-language-development-lab.html,Language,
cogdeveduhk,MB3,The Education University of Hong Kong,Hong Kong,Cognitive Development Laboratory,Tik-Sze Carrey Siu,,,,
cogdevlabBYU,MB1,Brigham Young University,United States,CogDevLab at BYU,Rebecca A. Lundwall,,https://cogdevelopment.byu.edu/,,
cogdevlabHKU,MB4,The University of Hong Kong,Hong Kong,Cognitive Development Laboratory,Terry Tin Yau Wong,Chiu Kin Adrian Tsang,https://hkupsycdlab.wixsite.com/cogdevlab,,
cogfitlab,MB5,Christ University,India,COGFIT Lab,Kashyapi Thakuria,,,,
cogscibabyNagoya,MB5,Nagoya University,Japan,Meng Lab,Xianwei Meng,"Akira Ono,Huang Shaojun",,"Cognitive development,Embodied cognition,Prosocial behaviors,Social development",
cogscilabUDD,MB3,Universidad del Desarrollo,Chile,Cognitive Science Lab UDD,Gabriel Reyes,Fernanda Prieto,https://cognitivescience.udd.cl/el-laboratorio/,,
collabUIOWA,MB2,University of Iowa,United States,"Communication, Cognition, and Learning Lab ",Susan Wagner Cook,John Zbaracki,,,
CorbitLab,"MB2,MB4",St. Francis Xavier University,Canada,Corbit Lab,John Corbit,,,,
CrafaLab,MB3-NIRS,Aarhus University,Denmark,CrafaLab,Daina Crafa,,https://crafalab.com/,,
cutelabUNAK,MB4,University of Akureyri,Iceland,Cute Lab,Hilal H. Şen,,https://thecutelab.com/,,
dacJaveriana,,Pontificia Universidad Javeriana,Colombia,"Desarrollo, Afectividad y Cognición",Hernando Taborda-Osorio,,,,
dcnlabTennessee,MB1,"""University of Tennessee, Knoxville""",United States,Developmental Cognitive Neuroscience Lab,Greg D. Reynolds,Lauren Slivka,http://dcnlab.utk.edu/,,
ddlabUEA,"MB3,MB5,MB5N",University of East Anglia,United Kingdom,Developmental Dynamics Lab,"Nadja Althaus,Teodora Gliga,Larissa K. Samuelson,John Spencer,Prerna Aneja",Barbara Zapiór,https://ddlabs.uea.ac.uk/,"Attention,Brain development,Cognitive development,Conceptual development,Language,Memory,Spatial cognition","fNIRS,Eye-tracking (monitor),Headturn preference,LENA,Live interaction,""Reaching (e.g., choice task)"",Preferential looking"
denUIOWA,MB3-NIRS,University of Iowa,United States,"Development, Experience, and Neurocognition Lab",Ece Demir-Lira,Paige M. Nelson,https://demir-lira.lab.uiowa.edu/,,
devdynlabGeorgia,MB3-NIRS,University of Georgia,United States,Developmental Dynamics Lab,Drew Abney,,https://www.devdynlab.us/,,
DevlabAU,"MB2,MB5",Aarhus University,Denmark,Developmental Cognitive Science Research Unit,"Peter Krøjgaard,Osman S. Kingo,Trine Sonne",,https://psy.au.dk/forskning/udviklingspsykologi/cogito-boerns-kognitive-udvikling,"Event Segmentation,Social cognition,Memory,Numerical cognition,Technoference",Eye-tracking (monitor)
DevLabMTA,"MB4,MB4I",The Academic College of Tel Aviv-Yaffo,Israel,MTA Developmental Lab,"Ronit Roth-Hanania,Daphna Ginio Dollberg","Inbal Marcu,Adi Hayden,Niran Klein,Michal Dvir Koren",,,
DMW_UNO_Lab,MB5,University of Nebraska at Omaha,United States,Developmental Movement & Wellbeing Lab,Danae Dinkel,,https://www.unomaha.edu/college-of-education-health-and-human-sciences/physical-activity-in-health-promotion-research/dmw/index.php,"Motor development,Social development,Individual differences,Mental health","Free-play interactions,Parent surveys"
DurhamBabylab,"MB-AtHome,MB5",Durham University,United Kingdom,Durham Babylab,Samuel H. Forbes,"Lucy Edgar,Lauryn Clucas",,,
dutchbabylabs (NEED TO UPDATE),MB1N,"Radboud University,Leiden University,Utrecht University",Netherlands,Dutch babylabs,"Paula Fikkert,Claartje Levelt,Caroline Junge",Laura E. Hahn,,,
earlysocogFM,"MB1,MB5",Franklin & Marshall College,United States,Early Social Cognition Lab,Lauren H. Howard,,https://www.dax.fandm.edu/early-social-cognition,,
ecclMIT,MB2,Massachusetts Institute of Technology,United States,Early Childhood Cognition Lab,Laura Schulz,Shengyi Wu,https://eccl.mit.edu/,,
ELANlab,MB5,Cardiff University,United Kingdom,ELAN lab,Dean D'Souza,,www.elanlab.co.uk,"Attention,Brain development,Developmental disorders,Language","EEG,Eye-tracking (mobile),Eye-tracking (monitor),fNIRS,Free-play interactions,Central looking time,Live interaction,Preferential looking,Parent surveys"
ellaAuckland,"MB4,MB5",The University of Auckland | Waipapa Taumata Rau,New Zealand,Early Learning Lab (ELLA),Annette M. E. Henderson,Florian Markus Bednarski,https://www.earlylearning.ac.nz/,"Social cognition,Social development,Causal reasoning,Emotion,Human-computer interaction","Eye-tracking (monitor),Central looking time,Free-play interactions,Preferential looking,""Physio (e.g., heart rate, pulse ox)"",Psychometrics"
elpGeorgetown,MB1G,Georgetown University,United States,Early Learning Project,Rachel Barr,Joscelin Rocha-Hidalgo,https://elp.georgetown.edu/,,
emlASU,"MB3,MB4",Arizona State University,United States,Emerging Minds Lab,Kelsey Lucca,,https://www.emergingmindslab.org/,,
ENCoDe ,MB5,Binghamton University,United States,Early NeuroCognitive Development team,Stefania Conte,Olive Nichols,https://sites.google.com/binghamton.edu/encode/home,"Attention,Autism,Social cognition,Face perception","EEG,MRI/fMRI,Central looking time,""Physio (e.g., heart rate, pulse ox)"""
ENIG,,Technion,Israel,Educational Neuroimaging Group,Tzipi Horowitz-Kraus,,,,
epsyRUB,"MB3,MB4,MB-AtHome",Ruhr University Bochum,Germany,Developmental Psychology,Sabine Seehagen,Anna Exner,https://www.epsy.psy.ruhr-uni-bochum.de/,,
escompicbsLeipzig,MB1,Max Planck Institute for Human Cognitive and Brain Sciences,Germany,NA,Christine Michel,,,,
ethosRennes,"MB1,MB1N","Université de Rennes 1,CNRS",France,Ethologie Animale et Humaine,Virginie Durier,Stéphanie Barbu,https://ethos.univ-rennes.fr/en,,
FAUWAVESLAB,,Florida Atlantic University,United States,WAVES Lab,Nancy Aaron Jones,Angela Bernardo,https://psy.fau.edu/waveslab/index.php,,
fb2ZAS,MB5,"Leibniz-Centre General Linguistics (ZAS),University of the Philippines Manila","Germany,Philippines",Language Development and Multilingualism,Rowena Garcia,Michael C. Valdez,https://www.leibniz-zas.de/en/research/research-areas/language-development-multilingualism,,
gaugGöttingen,"MB2,MB4,MB-ManyWebcams,MB5",University of Göttingen,Germany,Göttinger Kindsköpfe Lab,Hannes Rakoczy,"Isa Blomberg,Marina Proft,Anna Krämer",https://www.psych.uni-goettingen.de/de/development/goettinger-kindskoepfe,"Cognitive development,Social cognition","Eye-tracking (monitor),Online studies,Live interaction"
gertlabLancaster,"MB2,MB3,MB5",Lancaster University,United Kingdom,Lancaster Babylab: Developmental Cognitive Science lab,Gert Westermann,Xiaoyun Chen,https://wp.lancs.ac.uk/westermann-lab/,Cognitive development,Eye-tracking (monitor)
goldsmiths,,"""Goldsmiths, University of London""",United Kingdom,Goldsmiths InfantLab,Caspar Addyman,,https://sites.gold.ac.uk/infantlab/,,
hopkinsdev,"MB5,MB5N",Johns Hopkins University,United States,Kids in Developmental Science (KIDScience) at the Johns Hopkins University,"Shari Liu,Lisa Feigenson","Qiong Cao,Di Liu",https://kidscience.jhu.edu/,"Cognitive development,Individual differences,Language,Memory,Reasoning,Social development,Visual perception","Central looking time,""Reaching (e.g., choice task)"",Preferential looking,Online studies,Parent surveys,Manual search"
humandevlabUdG,MB5,Universitat de Girona,Spain,Human Development Lab,"Thomas Castelain,Laia Fibla",,https://www.udg.edu/en/depps/psicolab/recerca,"Bilingualism,Cognitive development,Language,Social cognition,Social development,Social learning","Cross-cultural,Eye-tracking (monitor),EEG,Species comparisons,""Reaching (e.g., choice task)"",Preferential looking,Parent surveys"
icclBC,MB1,Boston College,United States,Infant and Child Cognition Lab,Sara Cordes,Sophie Savelkouls,https://sites.bc.edu/sara-cordes/infant-and-child-cognition-lab-at-boston-college/,,
ICDCNorthwestern,"MB1,MB5",Northwestern University,United States,Infant and Child Development Center,Sandra Waxman,"Brooke Sprague,Yi Lin",https://childdevelopment.northwestern.edu/,,
ikidsUTSC,MB4,University of Toronto Scarborough,Canada,iKids Centre,"Laura K. Cirelli,Yang Wu","Tiffany Doan,Alexander Withers,Georgina Mariyadas,Ninthujah Suthaharan",https://www.facebook.com/UTSCiKids/,,
ILBCDLAB,"MB2,MB3-NIRS",University of Illinois at Urbana-Champaign,United States,Brain and Cognitive Development Lab,Daniel C. Hyde,,http://publish.illinois.edu/danielchyde/,,
ileap,MB1,Virginia Tech,United States,iLEAP Lab,Robin Panneton,,https://www.ileap-lab.com/,,
ilpUTD,MB5,University of Texas at Dallas,United States,Infant Learning Project,Melanie Spence,,,"Attention,Face perception,Memory,Language","Preferential looking,Headturn preference,Online studies,Central looking time"
incheslabUCI,MB2,"""University of California, Irvine""",United States,UCI INCHES Lab,Angela Lukowski,"Maya Brown-Hughston,Caleb Schlaupitz",https://alukowsk.wixsite.com/alukowsk,,
inchGothenburg,"MB-ManyWebcams,MB5",University of Gothenburg,Sweden,University of Gothenburg,"Karin Strid,Marek Meristo",,https://www.gu.se/en/psychology/the-infant-and-child-laboratory,"Individual differences,Social development,Fairness,Hearing loss","Eye-tracking (monitor),Live interaction,Preferential looking,Eye-tracking (mobile)"
infantcoglabLouisville,"MB1,MB1L",University of Louisville,United States,UofL Infant Cognition Lab,Cara Cashon,Nonah M. Olesen,https://louisville.edu/psychology/cashon/lab,,
infantcognitionlabCMU,MB5,Carnegie Mellon University,United States,Infant Cognition Lab,David Rakison,Ricky W.J. Choi,,"Causal perception,Causal reasoning,Conceptual development,Social development",Preferential looking
infantcogUBC,"MB1,MB1B,MB1L,MB3,MB4,MB5,MB5N,MB6",University of British Columbia,Canada,UBC Centre for Infant Cognition,J. Kiley Hamlin,"Francis Yuen,Rachelle Graham,Shain Poon",https://cic.psych.ubc.ca/,Social cognition,"EEG,Eye-tracking (monitor),""Reaching (e.g., choice task)"""
infantlanglabUTK,"MB1,MB1G,MB1L,MB-ManyWebcams,MB5","""University of Tennessee, Knoxville""",United States,Infant Language and Perceptual Learning Lab,Jessica F. Hay,"Rebecca Bauer,Daniela Santos Oliveira ,Taylor Shackelford,Sarah Marks,Yiqun Zhang",https://infantlanguagelab.utk.edu/,,
infantllMadison,"MB1,MB1T,MB5",University of Wisconsin–Madison,United States,UW-Madison Infant Learning Lab,Jenny R. Saffran,Martin Zettersten,https://infantlearning.waisman.wisc.edu/,"Autism,Developmental disorders,Language","Central looking time,Eye-tracking (monitor),Headturn preference,Preferential looking"
infantstudiesUBC,"MB1,MB1B,MB1L,MB3-NIRS",University of British Columbia,Canada,UBC Infant Studies Centre,Janet F. Werker,"Alexis K. Black,Xin Sun",https://infantstudies.psych.ubc.ca/,,
innovationASU,MB5,Arizona State University,United States,,Jessica E. Kosie,,,,
irlConcordia,"MB1,MB1B,MB1G,MB3,MB4,MB5",Concordia University,Canada,Concordia Infant Research Lab,Krista Byers-Heinlein,"Nicolás Alessandroni,Rachel Ka-Ying Tsui,Alexandra Laoun-Rubenstein,Hilary Killam,Meghan Mastroberardino,Madison Williams",http://infantresearch.ca/,"Language,Attention,Social development,Bilingualism,Cognitive development","Eye-tracking (monitor),Free-play interactions,Headturn preference,LENA,Online studies,Parent surveys"
islNotredame,MB1,University of Notre Dame,United States,Infant Studies Lab,Jill Lany,Abbie Thompson,,,
isplabMcgill,"MB1,MB1B",McGill University,Canada,McGill Infant Speech Perception Lab,Linda Polka,,https://www.polka.lab.mcgill.ca/,,
jmuCDL,"MB1,MB5",James Madison University,United States,Cognitive Development Lab,Krisztina V. Jakobsen,,https://sites.lib.jmu.edu/cogdevlab/,"Attention,Face perception","Eye-tracking (monitor),Online studies"
keeleLab,MB5,Keele University,United Kingdom,,Claire Monroy,"Ellie Edge,Georgie Owen",,"Attention,Cognitive development,Event Segmentation,Hearing loss,Motor development,Parent-infant synchrony,Brain development","EEG,Eye-tracking (mobile),Eye-tracking (monitor),Naturalistic observation,Parent surveys,Free-play interactions"
kidsdevUniofNewcastle,"MB2,MB4,MB5,MB5N","""University of Newcastle, Australia""",Australia,Kids' Development Research,Emma L. Axelsson,Alyssa A. Quinn,,"Autism,Developmental disorders,Language,Motor development,Social cognition,Screen time,Sleep","Eye-tracking (monitor),Parent surveys,Actigraphy"
kidslabTrier,MB5,Universität Trier,Germany,PhoneticsLab-Kids Trier,Katharina Zahner-Ritter,,http://phonetik.uni-trier.de,Language,"Central looking time,Headturn preference,Eye-tracking (mobile)"
kikoCEU,MB4,Central European University,Hungary,kikoCEU,Gergely Csibra,Denis Tatone,https://www.cognitive-development.ceu.edu/,,
kokuHamburg,"MB1,MB1G,MB5",Universität Hamburg,Germany,KOKU Research Center for Cognitive and Cultural Development,Ulf Liszkowski,"Marianna Jarto,Marlena Mayer",https://www.koku.uni-hamburg.de/en.html,,
kyotobabylab,"MB1,MB5",Kyoto University,Japan,Kyoto Baby Lab,Yusuke Moriguchi,,https://sites.google.com/site/childlabeng/,,
L19LUMSAPALAB,"MB1N,MB2,MB3,MB3-NIRS,MB5,MB6",LUMSA (Libera Università degli Studi Maria Ss. Assunta di Roma),Italy,LABL19PALUMSA,"Lidia Scifo,Umberto Di Maggio,Calogero Caltagirone","Lucrezia Lanza,Ornella Asaro",,Social cognition,
LabFonoUChile,MB5,Universidad de Chile,Chile,Laboratorio Fonoaudiología Universidad de Chile,Cristina Jara,"Paulina Aravena,Cristóbal Moënne-Loccoz",https://deptofonoaudiologia.med.uchile.cl/investigacion/laboratorios/,"Cognitive development,Brain development,Language,Developmental disorders,Visual perception,Social cognition,Cognitive Neuroscience","EEG,Eye-tracking (monitor),Naturalistic observation,Parent surveys"
labUNAM,"MB1,MB5,MB-ManyWebcams",Universidad Nacional Autónoma de México,México,Psycholinguistics,Natalia Arias-Trejo,Alejandra Mitzi Castellon Flores,,,
LafayetteKidsLab,MB5,Lafayette College,United States,Lafayette Kids Lab,Lauren Myers,,https://sites.lafayette.edu/kidslab/,"Screen time,Attention,Conceptual development,Language,Memory,Numerical cognition,Social cognition,Social development,Technoference","Free-play interactions,Parent surveys,Online studies,""Reaching (e.g., choice task)"""
lalaVU,MB3,Valparaiso University,United States,Learning and Language Acquisition Lab,Abbie Thompson,,,,
LALunipd,MB3,Università degli Studi di Padova,Italy,Language Acquisition Lab UniPd,Judit Gervain,"Gaia Lucarini,Jessica Gemignani,Martina Turconi,Zeynep Aydin,Benedetta Colavolpe",,,
lancaster,"MB1,MB1T",Lancaster University,United Kingdom,Lancaster Babylab,Katherine J. Alcock,Katie Twomey,https://wp.lancs.ac.uk/babylab/,,
langdevHaifa,"MB2,MB3,MB3L,MB3T,MB4,MB5,MB5N,MB5T,MB-ManyWebcams,MB-AtHome",University of Haifa,Israel,Language and Development Lab,Naomi Havron,"Einat Melusian,Shira Rosenberg,Noa Goldwasser,Carmel Givon",https://sites.google.com/hevra.haifa.ac.il/thelanguagedevelopmentlab/home?authuser=2,,"Eye-tracking (mobile),Eye-tracking (monitor),Preferential looking,""Reaching (e.g., choice task)"",Free-play interactions,EEG,Online studies"
langdevNSSR,MB5,New School for Social Research,United States,Human Language and Development Lab,Ruthe Foushee,,languagelab.newschool.org,"Language,Attention,Social learning,Parent-infant synchrony,Cognitive development","Eye-tracking (mobile),Eye-tracking (monitor),Head cam,Preferential looking,""Physio (e.g., heart rate, pulse ox)"",High-amplitude sucking,Naturalistic observation,Live interaction,Parent surveys,non-LENA naturalistic audio recordings"
langdevUBC,"MB5,MB5N",University of British Columbia,Canada,Language and Development Lab,Alexis K. Black,"Martin Oberg,Helen Shiyang Lu",https://languageanddevelopment.ca/,Language,"Eye-tracking (monitor),EEG,Central looking time"
langdevUSC,MB5,University of Southern California,United States,Language Development Lab,"Toby Mintz,Helen Shiyang Lu",Zixi (Zoey) Lyu,https://dornsife.usc.edu/langdevlab/,"Language,Cognitive development","Central looking time,Eye-tracking (monitor),Online studies,Preferential looking,Parent surveys,Headturn preference,Live interaction"
langlabUCLA,"MB1,MB1B","""University of California, Los Angeles""",United States,Language Acquisition Lab,Megha Sundara,Victoria Mateu,https://languagelab.humanities.ucla.edu/en/,,
LanyLabLancaster,"MB5,MB6",Lancaster University,United Kingdom,Lany Research Lab,Jill Lany,"Eleanor Johns,Audred Visaya,Ariadne Brown",,"Language,Attention","Central looking time,Eye-tracking (monitor),Preferential looking"
lcdFSU,MB1,Florida State University,United States,LCD,Arielle Borovsky,,,,
lcdlabUW,MB5,University of Washington,United States,"Language, Cognition, & Development Lab",Ariel Starr,,https://sites.uw.edu/lcdlab,"Language,Memory,Reasoning,Spatial cognition","Eye-tracking (monitor),Free-play interactions"
lcduLeeds,"MB1,MB1L",University of Leeds,United Kingdom,Leeds Child Development Unit,Catherine Davies,Lauren C. Machon,https://leedscdu.org/,,
ldlOttawa,"MB1,MB1B",University of Ottawa,Canada,Language Development Laboratory,Christopher Fennell,,https://socialsciences.uottawa.ca/ldl/,,
lidlWaterloo,MB5,University of Waterloo,Canada,Lab for Infant Development and Language,Katherine S. White,,https://uwaterloo.ca/lab-infant-development-language/,"Language,Social cognition","Preferential looking,Central looking time,Online studies,Parent surveys,Free-play interactions"
LiLabEdUHK,MB2,The Education University of Hong Kong,Hong Kong,Li Lab,Annie Yixun Li,Kaiyue Jia,,,
LILlab,MB5,"""University of California, San Diego""",United States,,Martin Zettersten,,,,
littlelabSC,"MB5,MB5N",Smith College,United States,Little Lab,Brianna T. M. McMillan,,https://www.science.smith.edu/littlelab/,,
littlelearnersLehigh,,Lehigh University,United States,Little Learners Lab,Alexis Smith-Flores,,https://wordpress.lehigh.edu/littlelearnerslab/,"Social cognition,Attention,Emotion,Individual differences","Central looking time,Preferential looking,Online studies,""Reaching (e.g., choice task)"",Manual search"
liulab,,Johns Hopkins University,United States,Look Infer Understand Lab,Shari Liu,Qiong Cao,liulaboratory.org,,
llamaPurdue,,Purdue University,United States,Language Learning and Meaning Acquisition Lab,Arielle Borovsky,,https://www.purdue.edu/hhs/slhs/llamalab/,,
lllLiv,"MB1,MB1B,MB1G,MB1L,MB5",University of Liverpool,United Kingdom,Liverpool Language Lab,Samantha Durrant,"Claire Noble,Ben Yelland,Heather Turnbull",https://www.language05.co.uk/,"Language,Cognitive development","EEG,Eye-tracking (monitor),Naturalistic observation,Preferential looking"
lmuMunich,"MB2,MB-ManyWebcams,MB4,MB4I,MB5",Ludwig-Maximilians-Universität München,Germany,NA,Tobias Schuwerk,"Lucie Zimmer,Adrian Steffan",,,
LNPK,MB5,University of Belgrade,Serbia,Laboratory for Neurocognition and Applied Cognition,Vanja Kovic,"Zorana Zupan,Anđela Šoškić",https://lnpk.f.bg.ac.rs/,"Cognitive development,Language,Memory,Cognitive Neuroscience","EEG,Eye-tracking (mobile),Eye-tracking (monitor)"
lppParisDescartes2,"MB1,MB1B",Université Paris Cité,France,BabyLab LPP (?),Judit Gervain,Caterina Marino,https://baby.biomedicale.parisdescartes.fr/en,,
lscpPSL,"MB1,MB1B,MB1L,MB5","Ecole Normale Supérieure,Université PSL,CNRS,EHESS",France,,"Alejandrina Cristia,Sharon Peperkamp","Naomi Havron,Anne-Caroline Fiévet",https://lscp.dec.ens.fr/en/research/teams-lscp/language-acquisition-across-cultures,,
LUCcogdevlab,MB5,Loyola University Chicago,United States,Cognitive Development Lab,Maggie Guy,"Cidnee Borjas Hall,Natalie Turner",https://www.loyolacrcd.org/cogdevlab,"Attention,Cognitive development,Cognitive Neuroscience,Developmental disorders,Face perception,Visual perception","EEG,Online studies,Parent surveys,Preferential looking"
lulluLancaster,MB3-NIRS,Lancaster University,United Kingdom,Lancaster University Language and Literacy Unit (LULLU),Kate Cain,Laura Diprossimo,http://wp.lancs.ac.uk/language-literacy/,,
MaCunipd,"MB5,MB-AtHome",Università degli Studi di Padova,Italy,Babylab UNIPD,"Silvia Benavides-Varela,Judit Gervain",,https://lilia.dpss.psy.unipd.it/babylab/,"Cognitive development,Memory,Language,Numerical cognition,Sleep,Screen time","Actigraphy,EEG,Eye-tracking (monitor),fNIRS,LENA,Online studies,Parent surveys,""Physio (e.g., heart rate, pulse ox)"""
madlabEmory,MB5,Emory University,United States,Morality and Development Lab,Arber Tasimi,"Skylar Epstein,Anastasiia Grigoreva Crean,Lesenia Fish",https://www.emorymadlab.com ,"Social cognition,Social development,Fairness","Live interaction,Preferential looking,""Reaching (e.g., choice task)"",Central looking time"
madlabUCSD,MB1,"""University of California, San Diego""",United States,Mind and Development Lab,Adena Schachner,Michelle Lee,https://madlab.ucsd.edu/,,
makerere,"MB1-Africa,MB5",Makerere University,Uganda,,Simon Kizito,,,,
malawiCC,MB1-Africa,University of Malawi–Chancellor College,Malawi,,Limbika Maliwichi-Senganimalunje,Tilinao Lamba,,,
marinalabLancaster,MB5,Lancaster University,United Kingdom,Lancaster Active Learning Lab,Marina Bazhydai,,https://wp.lancs.ac.uk/all/,,
maseno,"MB1-Africa,MB5,MB5N",Maseno University,Kenya,,"Catherine V. Mbagaya,Paul Odhiambo Oburu",,,,
mecdmpihcbs,"MB-ManyWebcams,MB4",Max Planck Institute for Human Cognitive and Brain Sciences,Germany,Milestones of Early Cognitive Development,Charlotte Grosse Wiesmann,"Katrin Rothmaler,Anna-Lena Tebbe",https://www.cbs.mpg.de/independent-research-groups/early-cognitive-development,,
MedeaBabylab,MB3-NIRS,IRCCS Eugenio Medea - Lombardia,Italy,Medea Babylab,"Chiara Cantiani,Valentina Riva",Alessandro Crippa,https://emedea.it/medea/en/research/topics/babylab-laboratory-for-early-detection-of-infants-at-high-risk-for-language-and-learning-impairment-and-autism-spectrum-disorders,,
MEyeLab,MB2,University of Mannheim,Germany,Mannheim Eye Lab,Nicole Altvater-Mackensen,Verena Schuhmann,https://www.phil.uni-mannheim.de/en/department-of-english/sub-depts/anglistik-i/research/ma-eye-lab-a-i/,,
MiniDundee,MB2,University of Dundee,United Kingdom,Mini me lab ,Josephine Ross,Elisabeth E. F. Bradford,https://blog.dundee.ac.uk/minimelab/,,
mpievaCCP,MB-ManyWebcams,Max Planck Institute for Evolutionary Anthropology,Germany,Comparative Cultural Psychology,Daniel Haun,"Manuel Bohn,Paul Grohmann",,,
musdevUTM,MB1,University of Toronto Mississauga,Canada,,Sandra E. Trehub,Laura K. Cirelli,,,
ndplFAU,MB-ManyWebcams,Friedrich-Alexander-Universität Erlangen-Nürnberg,Germany,"Neurocognitive Developmental Psychology Lab, FAU",Louisa Kulke,,https://neurodevpsychology.phil.fau.de/,,
NENSLabGallaudet,MB5,Gallaudet University,United States,Numeracy and Educational Neuroscience Lab,Ilaria Berteletti,Laine Silverman,https://sites.google.com/gallaudet.edu/nens-lab/home,,
neobrainlabCUD,MB5,Canadian University Dubai,United Arab Emirates,Neonatal and Early Origins Brain Lab,Efthymios Papatzikis,Laila Badreldin,,"Brain development,Cognitive development,Parent-infant synchrony,Mental health","EEG,fNIRS,Headturn preference,Live interaction"
NOLALab,MB3-NIRS,University of Potsdam,Germany,Neurocognition of Language Lab,Isabell Wartenburger,Mireia Marimon,https://www.uni-potsdam.de/en/nola/index,,
NUP_Babies,MB5,Neapolis University Pafos,Cyprus,Department of Psychology,Loukia Taxitari,,,"Language,Bidialectalism",
nusinfantlanguagecentre,"MB1,MB1B,MB1G",National University of Singapore,Singapore,Infant and Child Language Centre,Leher Singh,,https://blog.nus.edu.sg/babytalk/,,
nyulearn,MB3,New York University,United States,NYU LEARN Lab,Sudha Arunachalam,"Lily Carroll,Goldie Segol",https://wp.nyu.edu/learnlab/,,
palCambridge,"MB2,MB-ManyWebcams",University of Cambridge,United Kingdom,Prediction and Learning Lab,Rebecca Lawson,"Eleanor S. Smith,Addison Billing,Levente Baljer",https://www.lawsonlab.co.uk/,,
PKUSu,"MB2,MB4",Peking University,China,Developmental and Comparative Psychology Lab,Yanjie Su,"Yiyi Wang,Yanwei Wang,Jiaxuan Zhao",https://www.phylopsy.org/institution/laboratory-of-developmental-and-comparative-psychology,,
potsdam,MB1-Africa,University of Potsdam,Germany,,Natalie Boll-Avetisyan,Paul Okyere Omane,https://www.uni-potsdam.de/en/ling/researchgroups/developmental-psycholinguistics,,
purdueinfantspeech,"MB1,MB1L",Purdue University,United States,Purdue Infant Speech Lab,Amanda Seidl,,http://www2.psych.purdue.edu/~;babylab/speech/speechhome.html?_ga=2.211365525.1043924440.1696351300-643169717.1696351300,,
RLTHBICCC,MB3,Tsinghua University,China,Child Cognition Center,Stella Christie,Qiuchen Ma,https://www.tsinghuakidlab.com/en/,,
rohoBabylab,"MB3,MB5","""Royal Holloway, University of London""",United Kingdom,Royal Holloway Baby Lab,Jeanne L. Shinskey,,http://www.pc.rhul.ac.uk/sites/babylabnew/,,
RUCALC,MB5,Rutgers University,United States,Cognition and Learning Center,Jenny Wang,,,,
saxelab,"MB-AtHome,MB2,MB5",Massachusetts Institute of Technology,United States,Saxelab,Rebecca Saxe,"Gal Raz,Emily M. Chen",https://saxelab.mit.edu/,,
scaffoldingCognitionStanford,"MB5,MB7",Stanford University,United States,The Scaffolding of Cognition Team,Cameron Ellis,Emily M. Chen,https://soc.stanford.edu/,"Attention,Brain development,Cognitive development,Event Segmentation,Face perception,Language,Memory,Multi-modal attention,Spatial cognition,Visual perception","MRI/fMRI,Eye-tracking (mobile),Central looking time,Head cam,High-amplitude sucking,Online studies,non-LENA naturalistic audio recordings,Parent surveys,Preferential looking"
seedCUHKSZ,MB5,Chinese University of Hong Kong-Shenzhen,China,SEED Lab,Guangyu Zeng,,https://seed-lab.notion.site/Meet-the-Team-1301c68467b780a6b2d6c120312e2c24,"Autism,Attention,Developmental disorders,Face perception,Individual differences,Imitation,Social cognition","Eye-tracking (monitor),fNIRS,Free-play interactions,Live interaction,""Physio (e.g., heart rate, pulse ox)"",Salivary hormones"
seedlabUIUC,"MB3-NIRS,MB5,MB5N,MB6",University of Illinois at Urbana-Champaign,United States,the Study of Early Experiences on Development (SEED) Lab,Caroline Kelsey,,https://theseedlab.web.illinois.edu/,Social cognition,"EEG,Eye-tracking (monitor),""Physio (e.g., heart rate, pulse ox)"",fNIRS,Preferential looking"
SETUlab,MB5,South East Technological University,Ireland,,Dean McDonnell,,,,
SkidLSDLab,MB2,Skidmore College,United States,Skidmore Language and Social Development Lab,Jessica Sullivan,,https://www.skidmore.edu/developing_minds_center/index.php,,
SMHSU,MB1-Africa,Sefako Makgatho Health Sciences University,South Africa,,Mikateko Ndhambi,,,,
socallabUCSD,"MB2,MB3-NIRS,MB4,MB5","""University of California, San Diego""",United States,Social Cognition and Learning Lab,Lindsey J. Powell,"Meg Pierce,Alexis Smith-Flores,Bill Pepe,Lauren Smith",https://socallab.ucsd.edu/,,
socialcogUmiami,"MB1,MB-ManyWebcams,MB5,MB5N,MB6",University of Miami,United States,Social Cognition Lab,Elizabeth A. Simpson,Tiffany S. Leung,https://scl.psy.miami.edu/,"Attention,Social cognition,Face perception,Imitation,Empathy,Emotion,Individual differences","Eye-tracking (monitor),Online studies,Salivary hormones,Parent surveys,Free-play interactions"
SocialMindsMichigan,MB5,University of Michigan,United States,Social Minds Lab,Felix Warneken,Eleanor Gao,https://sites.lsa.umich.edu/warneken/,"Cognitive development,Fairness,Empathy,Emotion,Social cognition,Social development,Prosocial behaviors","Eye-tracking (monitor),Live interaction,Online studies,Species comparisons,Cross-cultural"
sociocognitivelab,"MB2,MB3,MB5","University of Oslo,MultiLing",Norway,Socio-cognitive lab,Natalia Kartushina,"Audun Rosslund,Silje Hagelund",https://www.hf.uio.no/multiling/english/topics/lab/index.html,"Language,Bilingualism,Bidialectalism","Eye-tracking (monitor),Free-play interactions,Online studies,Parent surveys,Preferential looking"
somaffectLJMU,,Liverpool John Moores University,United Kingdom,SomAffect,Ingrid Boedker,,,"Mental health,Brain development,Social cognition,Sleep,Social development,Touch,Parent-infant synchrony","""Physio (e.g., heart rate, pulse ox)"",Salivary hormones,Live interaction,Online studies,Parent surveys,Naturalistic observation"
speakinlab,"MB1N,MB3","Czech Academy of Sciences,Charles University",Czechia,speakinlab,"Kateřina Chládková,Filip Smolík,Martina Dvořáková","Zuzana Ocelakova,Nikola Paillereau,Monika Kučerová,Katerina Kynclova",http://speakinlab.cz/,,
StockholmBL,MB3,Stockholm University,Sweden,Stockholm Babylab,Ellen Marklund,"Iris-Corinna Schwarz,Lisa Gustavsson,Elísabet Eir Cortes",https://www.su.se/english/research/research-groups/stockholm-babylab,,
SussexBabyLab,MB5,University of Sussex,United Kingdom,Sussex Baby Lab,"Alice Skelton,Anna Franklin",,https://www.sussex.ac.uk/babylab/,Visual perception,"Eye-tracking (monitor),EEG,Head cam,Preferential looking"
tauccd,"MB2,MB3,MB5,MB5N",Tel Aviv University,Israel,Tel Aviv University Center for Cognitive Development ,Sagi Jaffe-Dax,"Lital Shapiro,Manar Khalaila,Coral Kfir,Romi Livne",https://www.babylab.sites.tau.ac.il/?lang=en,,"Eye-tracking (monitor),Eye-tracking (mobile),fNIRS,Central looking time,Preferential looking,""Reaching (e.g., choice task)"""
ToMcdlSalzburg,MB-ManyWebcams,University of Salzburg,Austria,ToM Child Development Lab,Josef Perner,"Anna Krämer,Beate Priewasser",,,
trainorlab,MB1,McMaster University,Canada,"Auditory Development Lab, LIVELab",Laurel J. Trainor,Haley E. Kragness,https://trainorlab.mcmaster.ca/,,
TREESUW,MB3,University of Wisconsin–Madison,United States,The TREES Lab,Melisa Carrasco,,https://neurology.wisc.edu/research-and-labs/trees-lab/,,
uchunibadan,MB1-Africa,University of Ibadan,Nigeria,Institute of Child Health ,Bolanle M. Oyundoyin,Kofoworola Adediran,https://com.ui.edu.ng/index.php/ICH,,
UCLICL,MB5,University College London,United Kingdom,Infant Child Lab (ICL),Rana Abu-Zhaya,,,Language,"Headturn preference,Preferential looking,Free-play interactions"
UDeLab,MB3-NIRS,University of Deusto,Spain,University of Deusto Psycholinguistics Lab,Irene de la Cruz-Pavía,,,,
udsSaarland,MB1,"Saarland University,Aarhus University,Addis Ababa University",Germany,KinderProjekt Saarbrücken,Gisa Aschersleben,,https://www.uni-saarland.de/lehrstuhl/aschersleben/forschung/kinderprojekt.html,,
UIUCinfantlab,MB2,University of Illinois at Urbana-Champaign,United States,Infant Lab,"Renée Baillargeon,Cynthia Fisher,Daniel C. Hyde","Amanda Rose Yuile,Yukun Yu,Yiyu Liu",https://infantcognition.web.illinois.edu/,,
UIWcarl,"MB4,MB5,MB6",University of the Incarnate Word,United States,UIW Child and Adolescent Research Lab,Teresa Taylor-Partridge,,https://www.facebook.com/uiwchild,"Attention,Cognitive development,Face perception,Individual differences,Social cognition,Social development","EEG,Preferential looking,Parent surveys"
UMDLDev,MB3,University of Maryland,United States,"Language Development Laboratory, University of Maryland",Rochelle Newman,,http://langdev.umd.edu/,,
unicph,"MB2,MB3-NIRS",University of Copenhagen,Denmark,Centre for Early Childhood Cognition,"Dora Kampis,Victoria Southgate",Judith L. Krief,https://psychology.ku.dk/ecc-en/,,
unijos,MB1-Africa,University of Jos,Nigeria,,Evans Binan Dami,,,,
UNLVmusiclab,"MB1,MB1L,MB5","""University of Nevada, Las Vegas""",United States,Auditory Cognition and Development Lab,Erin E. Hannon,"Karli M. Nave,Rodica R. Constantine,Jared W. Leslie",https://unlvmusiclab.wixsite.com/website,,
UPFbabylab,"MB1G,MB3",Universitat Pompeu Fabra,Spain,Laboratori de Recerca en Infancia,Nuria Sebastian-Galles,Chiara Santolin,https://www.upf.edu/es/web/cbclab/bebes_recerca,,
UPSAlaboratorio,"MB2,MB3,MB3-NIRS,MB5",Pontificia Universidad Javeriana,Colombia,UPSAlaboratorio,,,,,
usiuAfrica,MB1-Africa,United States International University–Africa,Kenya,,Dana M. Basnight-Brown,,,,
USS,MB5,Universidad San Sebastián,Chile,Universidad San Sebastián,Jessica Vidal,,,,
UTHKigali,"MB1-Africa,MB5","University of Rwanda,University Teaching Hospital of Kigali",Rwanda,,Febronie Mushimiyimana,Juliette Unyuzumutima,,Attention,
UTS,,University of Technology Sydney,Australia,Psychology,Liquan Liu,,,,
voldaLab,MB5,Volda University College,Norway,,Audun Rosslund,,,,
warksbabylab,"MB3,MB5",University of Warwick,United Kingdom,Warks Baby Lab,Suzanne Aussems,"Teruni Ahamat,Lauren Hester",https://warwick.ac.uk/fac/sci/psych/research/language/cdlab/,,
weescienceEdinburgh,"MB1,MB1L,MB3,MB3-NIRS",University of Edinburgh,United Kingdom,Wee Science,"Mitsuhiko Ota,Barbora Skarabela,Hugh Rabagliati,Hilary Richardson",,https://www.weescience.ppls.ed.ac.uk/,,
weltentdeckerZurich,"MB1,MB1B,MB1G,MB1L,MB3,MB3L,MB4,MB5",University of Zurich,Switzerland,Developmental Psychology: Infancy and Childhood (kleine Weltentdecker),Moritz Daum,"Stephanie Wermelinger,Lisa Wagner,Flavia Jessica Pfister,Joanna M. Rutkowska",https://www.psychology.uzh.ch/en/areas/dev/devpsy/Weltentdecker.html,,
WieKi,"MB3-NIRS,MB5",University of Vienna,Austria,Wiener Kinderstudien,Stefanie Hoehl,Christina Schaetz,https://www.kinderstudien.at/,,
WORDlab,MB5,University of Sussex,United Kingdom,The WORD Lab,Jessica S. Horst,,,,
wsiGoettingen,"MB1,MB1B,MB1T,MB5,MB5N",University of Göttingen,Germany,WortSchatzInsel,Nivedita Mani,"Matthias Lippold,Melanie S. Schreiner,Elena C. Altmann",https://www.psych.uni-goettingen.de/de/lang/wsi,"Cognitive development,Human-computer interaction,Individual differences,Language,Social learning,Social cognition","Eye-tracking (mobile),Eye-tracking (monitor),EEG,Free-play interactions,Live interaction,Parent surveys,Preferential looking,Psychometrics"
WSUMARCS,"MB2,MB4,MB5",Western Sydney University,Australia,MARCS-Babylab,"Liquan Liu,Zhen Zeng","Antonia Götz,Brayden Condie",https://www.westernsydney.edu.au/babylab,,
yonseichild,"MB4,MB4I,MB5",Yonsei University,South Korea,Developmental Research Lab,Hyun-joo Song,,https://yonseichild.wixsite.com/labsite,"Social cognition,Language","Central looking time,LENA,Preferential looking,Live interaction"